{"cameraMode":{"drawMode":0,"name":"Shaded","section":"Shading Mode"},"sceneLighting":false,"audioPlay":false,"sceneViewState":{"m_AlwaysRefresh":false,"showFog":true,"showSkybox":false,"showFlares":true,"showImageEffects":true,"showParticleSystems":true,"showVisualEffectGraphs":true,"m_FxEnabled":true},"in2DMode":false,"pivot":{"x":0.012208908796310425,"y":1.5810481309890748,"z":0.42047882080078127},"rotation":{"x":-0.044278584420681,"y":0.9300697445869446,"z":-0.11952784657478333,"w":-0.3446618318557739},"size":1.9538593292236329,"orthographic":false}