{"cameraMode":{"drawMode":0,"name":"Shaded","section":"Shading Mode"},"sceneLighting":true,"audioPlay":false,"sceneViewState":{"m_AlwaysRefresh":false,"showFog":true,"showSkybox":false,"showFlares":true,"showImageEffects":true,"showParticleSystems":true,"showVisualEffectGraphs":true,"m_FxEnabled":true},"in2DMode":false,"pivot":{"x":-0.7347840666770935,"y":-0.04840078949928284,"z":-0.16626399755477906},"rotation":{"x":-0.12262571603059769,"y":0.7559159398078919,"z":-0.14812247455120088,"w":-0.6257926225662231},"size":0.5520206093788147,"orthographic":false}