{"cameraMode":{"drawMode":0,"name":"Shaded","section":"Shading Mode"},"sceneLighting":false,"audioPlay":false,"sceneViewState":{"m_AlwaysRefresh":false,"showFog":true,"showSkybox":false,"showFlares":true,"showImageEffects":true,"showParticleSystems":true,"showVisualEffectGraphs":true,"m_FxEnabled":true},"in2DMode":false,"pivot":{"x":-2.499993085861206,"y":-0.2151220440864563,"z":-0.002327829599380493},"rotation":{"x":0.011345700360834599,"y":0.9271052479743958,"z":-0.028101379051804544,"w":0.3736497461795807},"size":2.5234036445617677,"orthographic":false}