{"cameraMode":{"drawMode":0,"name":"Shaded","section":"Shading Mode"},"sceneLighting":false,"audioPlay":false,"sceneViewState":{"m_AlwaysRefresh":false,"showFog":true,"showSkybox":false,"showFlares":true,"showImageEffects":true,"showParticleSystems":true,"showVisualEffectGraphs":true,"m_FxEnabled":true},"in2DMode":false,"pivot":{"x":-0.007330179214477539,"y":0.24029216170310975,"z":-0.004606008529663086},"rotation":{"x":0.006738788913935423,"y":-0.9403101801872253,"z":0.3398442566394806,"w":0.018606675788760186},"size":0.36846381425857546,"orthographic":false}