{"cameraMode":{"drawMode":0,"name":"Shaded","section":"Shading Mode"},"sceneLighting":false,"audioPlay":false,"sceneViewState":{"m_AlwaysRefresh":false,"showFog":true,"showSkybox":false,"showFlares":true,"showImageEffects":true,"showParticleSystems":true,"showVisualEffectGraphs":true,"m_FxEnabled":true},"in2DMode":false,"pivot":{"x":0.0572153739631176,"y":0.11530909687280655,"z":-0.46324896812438967},"rotation":{"x":0.07878894358873368,"y":0.7911711931228638,"z":-0.5974803566932678,"w":0.10433458536863327},"size":0.8022401928901672,"orthographic":false}