{"cameraMode":{"drawMode":0,"name":"Shaded","section":"Shading Mode"},"sceneLighting":false,"audioPlay":false,"sceneViewState":{"m_AlwaysRefresh":false,"showFog":true,"showSkybox":false,"showFlares":true,"showImageEffects":true,"showParticleSystems":true,"showVisualEffectGraphs":true,"m_FxEnabled":true},"in2DMode":false,"pivot":{"x":-2.499993085861206,"y":-0.17895051836967469,"z":-0.0002830773591995239},"rotation":{"x":-0.0771620124578476,"y":-0.9115930199623108,"z":0.20344960689544679,"w":-0.3492400646209717},"size":2.515084981918335,"orthographic":false}