{"cameraMode":{"drawMode":0,"name":"Shaded","section":"Shading Mode"},"sceneLighting":false,"audioPlay":false,"sceneViewState":{"m_AlwaysRefresh":false,"showFog":true,"showSkybox":false,"showFlares":true,"showImageEffects":true,"showParticleSystems":true,"showVisualEffectGraphs":true,"m_FxEnabled":true},"in2DMode":false,"pivot":{"x":0.05814724788069725,"y":1.494005799293518,"z":-2.057152509689331},"rotation":{"x":0.013895890675485134,"y":0.9639429450035095,"z":-0.2608819901943207,"w":0.051240693777799609},"size":2.86037015914917,"orthographic":false}