{"cameraMode":{"drawMode":0,"name":"Shaded","section":"Shading Mode"},"sceneLighting":false,"audioPlay":false,"sceneViewState":{"m_AlwaysRefresh":false,"showFog":true,"showSkybox":false,"showFlares":true,"showImageEffects":true,"showParticleSystems":true,"showVisualEffectGraphs":true,"m_FxEnabled":true},"in2DMode":false,"pivot":{"x":-0.015566408634185791,"y":1.9354678392410279,"z":0.3271089792251587},"rotation":{"x":-0.10358867049217224,"y":-0.8840364217758179,"z":0.2367136925458908,"w":-0.38991424441337588},"size":2.492689371109009,"orthographic":false}