{"cameraMode":{"drawMode":0,"name":"Shaded","section":"Shading Mode"},"sceneLighting":true,"audioPlay":false,"sceneViewState":{"m_AlwaysRefresh":false,"showFog":true,"showSkybox":false,"showFlares":true,"showImageEffects":true,"showParticleSystems":true,"showVisualEffectGraphs":true,"m_FxEnabled":true},"in2DMode":false,"pivot":{"x":0.16011761128902436,"y":-0.020444268360733987,"z":-0.0012266775593161584},"rotation":{"x":-0.009624338708817959,"y":-0.9200051426887512,"z":0.39114296436309817,"w":-0.0226390790194273},"size":0.5818261504173279,"orthographic":false}