{"cameraMode":{"drawMode":0,"name":"Shaded","section":"Shading Mode"},"sceneLighting":false,"audioPlay":false,"sceneViewState":{"m_AlwaysRefresh":false,"showFog":true,"showSkybox":false,"showFlares":true,"showImageEffects":true,"showParticleSystems":true,"showVisualEffectGraphs":true,"m_FxEnabled":true},"in2DMode":false,"pivot":{"x":0.336514949798584,"y":1.8596211671829224,"z":0.2506444454193115},"rotation":{"x":-0.024447446689009668,"y":-0.8844090700149536,"z":0.04678640142083168,"w":-0.4638421833515167},"size":2.0741944313049318,"orthographic":false}