{"cameraMode":{"drawMode":0,"name":"Shaded","section":"Shading Mode"},"sceneLighting":false,"audioPlay":false,"sceneViewState":{"m_AlwaysRefresh":false,"showFog":true,"showSkybox":false,"showFlares":true,"showImageEffects":true,"showParticleSystems":true,"showVisualEffectGraphs":true,"m_FxEnabled":true},"in2DMode":false,"pivot":{"x":-0.0013614967465400696,"y":0.15117502212524415,"z":0.0016376152634620667},"rotation":{"x":0.009475004859268666,"y":0.9866841435432434,"z":-0.0640726238489151,"w":0.14976488053798676},"size":0.15480223298072816,"orthographic":false}