{"cameraMode":{"drawMode":0,"name":"Shaded","section":"Shading Mode"},"sceneLighting":false,"audioPlay":false,"sceneViewState":{"m_AlwaysRefresh":false,"showFog":true,"showSkybox":false,"showFlares":true,"showImageEffects":true,"showParticleSystems":true,"showVisualEffectGraphs":true,"m_FxEnabled":true},"in2DMode":false,"pivot":{"x":0.023670047521591188,"y":0.04006391763687134,"z":-0.05937376618385315},"rotation":{"x":-0.09137846529483795,"y":-0.9062798619270325,"z":0.32010096311569216,"w":-0.2610641419887543},"size":0.17602258920669557,"orthographic":false}