{"cameraMode":{"drawMode":0,"name":"Shaded","section":"Shading Mode"},"sceneLighting":false,"audioPlay":false,"sceneViewState":{"m_AlwaysRefresh":false,"showFog":true,"showSkybox":false,"showFlares":true,"showImageEffects":true,"showParticleSystems":true,"showVisualEffectGraphs":true,"m_FxEnabled":true},"in2DMode":false,"pivot":{"x":-0.02240908145904541,"y":0.14596909284591676,"z":-0.021891817450523378},"rotation":{"x":-0.10358867049217224,"y":-0.8840364217758179,"z":0.2367136925458908,"w":-0.38991424441337588},"size":0.21912968158721925,"orthographic":false}