{"cameraMode":{"drawMode":0,"name":"Shaded","section":"Shading Mode"},"sceneLighting":false,"audioPlay":false,"sceneViewState":{"m_AlwaysRefresh":false,"showFog":true,"showSkybox":false,"showFlares":true,"showImageEffects":true,"showParticleSystems":true,"showVisualEffectGraphs":true,"m_FxEnabled":true},"in2DMode":false,"pivot":{"x":0.002442050725221634,"y":0.151161789894104,"z":-0.0015280097723007203},"rotation":{"x":-0.0005458249943330884,"y":0.9795047044754028,"z":-0.2014230489730835,"w":-0.0026430480647832157},"size":0.15716221928596497,"orthographic":false}