{"cameraMode":{"drawMode":0,"name":"Shaded","section":"Shading Mode"},"sceneLighting":false,"audioPlay":false,"sceneViewState":{"m_AlwaysRefresh":false,"showFog":true,"showSkybox":false,"showFlares":true,"showImageEffects":true,"showParticleSystems":true,"showVisualEffectGraphs":true,"m_FxEnabled":true},"in2DMode":false,"pivot":{"x":-0.09279520064592362,"y":0.28072571754455569,"z":0.26504823565483096},"rotation":{"x":0.009475004859268666,"y":0.9866841435432434,"z":-0.0640726238489151,"w":0.14976488053798676},"size":0.1426355093717575,"orthographic":false}