{"cameraMode":{"drawMode":0,"name":"Shaded","section":"Shading Mode"},"sceneLighting":false,"audioPlay":false,"sceneViewState":{"m_AlwaysRefresh":false,"showFog":true,"showSkybox":false,"showFlares":true,"showImageEffects":true,"showParticleSystems":true,"showVisualEffectGraphs":true,"m_FxEnabled":true},"in2DMode":false,"pivot":{"x":0.0005887523293495178,"y":0.2737472951412201,"z":-0.004411622881889343},"rotation":{"x":0.022797737270593644,"y":-0.028807273134589196,"z":0.0006754019414074719,"w":0.9993522763252258},"size":0.39940744638442995,"orthographic":false}