{"cameraMode":{"drawMode":0,"name":"Shaded","section":"Shading Mode"},"sceneLighting":true,"audioPlay":false,"sceneViewState":{"m_AlwaysRefresh":false,"showFog":true,"showSkybox":false,"showFlares":true,"showImageEffects":true,"showParticleSystems":true,"showVisualEffectGraphs":true,"m_FxEnabled":true},"in2DMode":false,"pivot":{"x":-0.018557239323854448,"y":0.19281527400016786,"z":0.038445357233285907},"rotation":{"x":0.016485098749399186,"y":0.9682720303535461,"z":-0.24037125706672669,"w":0.06758889555931092},"size":0.13163183629512788,"orthographic":false}