{"cameraMode":{"drawMode":0,"name":"Shaded","section":"Shading Mode"},"sceneLighting":false,"audioPlay":false,"sceneViewState":{"m_AlwaysRefresh":false,"showFog":true,"showSkybox":false,"showFlares":true,"showImageEffects":true,"showParticleSystems":true,"showVisualEffectGraphs":true,"m_FxEnabled":true},"in2DMode":false,"pivot":{"x":0.08869915455579758,"y":-0.014629483222961426,"z":-0.22780531644821168},"rotation":{"x":0.05334760248661041,"y":0.9429799914360046,"z":-0.27050480246543887,"w":0.18692822754383088},"size":0.22194242477416993,"orthographic":false}