{"cameraMode":{"drawMode":0,"name":"Shaded","section":"Shading Mode"},"sceneLighting":false,"audioPlay":false,"sceneViewState":{"m_AlwaysRefresh":false,"showFog":true,"showSkybox":false,"showFlares":true,"showImageEffects":true,"showParticleSystems":true,"showVisualEffectGraphs":true,"m_FxEnabled":true},"in2DMode":false,"pivot":{"x":-0.2837471663951874,"y":0.2890889048576355,"z":-0.06523196399211884},"rotation":{"x":-0.005539121106266975,"y":0.7881184220314026,"z":-0.007093384861946106,"w":-0.6154600381851196},"size":0.2584289610385895,"orthographic":false}