{"cameraMode":{"drawMode":0,"name":"Shaded","section":"Shading Mode"},"sceneLighting":false,"audioPlay":false,"sceneViewState":{"m_AlwaysRefresh":false,"showFog":true,"showSkybox":false,"showFlares":true,"showImageEffects":true,"showParticleSystems":true,"showVisualEffectGraphs":true,"m_FxEnabled":true},"in2DMode":false,"pivot":{"x":0.025299474596977235,"y":0.11586590111255646,"z":0.027319982647895814},"rotation":{"x":-0.09561672061681748,"y":-0.8816724419593811,"z":0.20518188178539277,"w":-0.4143969714641571},"size":0.158085897564888,"orthographic":false}