{"cameraMode":{"drawMode":0,"name":"Shaded","section":"Shading Mode"},"sceneLighting":false,"audioPlay":false,"sceneViewState":{"m_AlwaysRefresh":false,"showFog":true,"showSkybox":false,"showFlares":true,"showImageEffects":true,"showParticleSystems":true,"showVisualEffectGraphs":true,"m_FxEnabled":true},"in2DMode":false,"pivot":{"x":-0.0021231211721897127,"y":0.14436066150665284,"z":0.0027728192508220674},"rotation":{"x":0.05334760248661041,"y":0.9429799914360046,"z":-0.27050480246543887,"w":0.18692822754383088},"size":0.15049251914024354,"orthographic":false}